{
  "Doc2Vec": {
    "aggregated": {
      "avg_precision@1": 0.4,
      "std_precision@1": 0.48989794855663565,
      "avg_recall@1": 0.13333333333333333,
      "std_recall@1": 0.1632993161855452,
      "avg_f1@1": 0.2,
      "std_f1@1": 0.24494897427831783,
      "avg_ndcg@1": 0.17142857142857143,
      "std_ndcg@1": 0.20995626366712955,
      "avg_precision@5": 0.16,
      "std_precision@5": 0.14966629547095767,
      "avg_recall@5": 0.26666666666666666,
      "std_recall@5": 0.2494438257849294,
      "avg_f1@5": 0.2,
      "std_f1@5": 0.18708286933869708,
      "avg_ndcg@5": 0.2060839330744328,
      "std_ndcg@5": 0.18222967430374154,
      "avg_precision@10": 0.12000000000000002,
      "std_precision@10": 0.07483314773547883,
      "avg_recall@10": 0.4,
      "std_recall@10": 0.24944382578492943,
      "avg_f1@10": 0.18461538461538457,
      "std_f1@10": 0.11512791959304433,
      "avg_ndcg@10": 0.26084134745240806,
      "std_ndcg@10": 0.16574904489613024,
      "avg_average_precision": 0.25277777777777777,
      "std_average_precision": 0.25945098730745814,
      "avg_reciprocal_rank": 0.4916666666666666,
      "std_reciprocal_rank": 0.428498671072748,
      "MAP": 0.25277777777777777,
      "MRR": 0.4916666666666667,
      "avg_query_time": 0.0013956546783447266,
      "std_query_time": 0.0010169526922165497,
      "median_query_time": 0.0009970664978027344
    },
    "detailed": [
      {
        "precision@1": 0.0,
        "recall@1": 0.0,
        "f1@1": 0.0,
        "ndcg@1": 0.0,
        "precision@5": 0.0,
        "recall@5": 0.0,
        "f1@5": 0.0,
        "ndcg@5": 0.0,
        "precision@10": 0.0,
        "recall@10": 0.0,
        "f1@10": 0.0,
        "ndcg@10": 0.0,
        "average_precision": 0.0,
        "reciprocal_rank": 0.0,
        "query": "\u0413\u043b\u043e\u043a\u0430\u043b\u0438\u0437\u0430\u0446\u0438\u044f \u0438 \u043b\u043e\u043a\u0430\u043b\u044c\u043d\u0430\u044f \u0430\u0434\u0430\u043f\u0442\u0430\u0446\u0438\u044f \u0433\u043b\u043e\u0431\u0430\u043b\u044c\u043d\u044b\u0445 \u0431\u0440\u0435\u043d\u0434\u043e\u0432",
        "query_time": 0.0
      },
      {
        "precision@1": 0.0,
        "recall@1": 0.0,
        "f1@1": 0.0,
        "ndcg@1": 0.0,
        "precision@5": 0.2,
        "recall@5": 0.3333333333333333,
        "f1@5": 0.25,
        "ndcg@5": 0.2709710647400135,
        "precision@10": 0.1,
        "recall@10": 0.3333333333333333,
        "f1@10": 0.15384615384615383,
        "ndcg@10": 0.2709710647400135,
        "average_precision": 0.1111111111111111,
        "reciprocal_rank": 0.3333333333333333,
        "query": "\u042f\u0437\u044b\u043a\u043e\u0432\u0430\u044f \u0433\u0438\u0431\u0440\u0438\u0434\u043d\u043e\u0441\u0442\u044c \u0432 \u043c\u0443\u043b\u044c\u0442\u0438\u043a\u0443\u043b\u044c\u0442\u0443\u0440\u043d\u043e\u0439 \u043b\u0438\u0442\u0435\u0440\u0430\u0442\u0443\u0440\u0435",
        "query_time": 0.0029914379119873047
      },
      {
        "precision@1": 1.0,
        "recall@1": 0.3333333333333333,
        "f1@1": 0.5,
        "ndcg@1": 0.42857142857142855,
        "precision@5": 0.4,
        "recall@5": 0.6666666666666666,
        "f1@5": 0.5,
        "ndcg@5": 0.47078692139073114,
        "precision@10": 0.2,
        "recall@10": 0.6666666666666666,
        "f1@10": 0.30769230769230765,
        "ndcg@10": 0.47078692139073114,
        "average_precision": 0.6666666666666666,
        "reciprocal_rank": 1.0,
        "query": "\u0414\u0438\u0430\u043b\u043e\u0433\u0438\u0437\u043c \u0411\u0430\u0445\u0442\u0438\u043d\u0430 \u0432 \u0441\u043e\u0432\u0440\u0435\u043c\u0435\u043d\u043d\u043e\u0439 \u043b\u0438\u043d\u0433\u0432\u0438\u0441\u0442\u0438\u043a\u0435",
        "query_time": 0.001993894577026367
      },
      {
        "precision@1": 0.0,
        "recall@1": 0.0,
        "f1@1": 0.0,
        "ndcg@1": 0.0,
        "precision@5": 0.0,
        "recall@5": 0.0,
        "f1@5": 0.0,
        "ndcg@5": 0.0,
        "precision@10": 0.1,
        "recall@10": 0.3333333333333333,
        "f1@10": 0.15384615384615383,
        "ndcg@10": 0.17096370710141218,
        "average_precision": 0.041666666666666664,
        "reciprocal_rank": 0.125,
        "query": "\u041a\u0443\u043b\u044c\u0442\u0443\u0440\u043d\u0430\u044f \u0438\u0434\u0435\u043d\u0442\u0438\u0447\u043d\u043e\u0441\u0442\u044c \u0432 \u044d\u043f\u043e\u0445\u0443 \u0433\u043b\u043e\u0431\u0430\u043b\u0438\u0437\u0430\u0446\u0438\u0438",
        "query_time": 0.0009970664978027344
      },
      {
        "precision@1": 1.0,
        "recall@1": 0.3333333333333333,
        "f1@1": 0.5,
        "ndcg@1": 0.42857142857142855,
        "precision@5": 0.2,
        "recall@5": 0.3333333333333333,
        "f1@5": 0.25,
        "ndcg@5": 0.28866167924141933,
        "precision@10": 0.2,
        "recall@10": 0.6666666666666666,
        "f1@10": 0.30769230769230765,
        "ndcg@10": 0.3914850440298835,
        "average_precision": 0.4444444444444444,
        "reciprocal_rank": 1.0,
        "query": "\u041b\u0438\u043d\u0433\u0432\u0438\u0441\u0442\u0438\u0447\u0435\u0441\u043a\u0430\u044f \u043a\u0440\u0435\u0430\u0442\u0438\u0432\u043d\u043e\u0441\u0442\u044c \u0438 \u044f\u0437\u044b\u043a\u043e\u0432\u044b\u0435 \u0438\u043d\u043d\u043e\u0432\u0430\u0446\u0438\u0438",
        "query_time": 0.0009958744049072266
      }
    ],
    "method_stats": {
      "method_name": "Doc2Vec",
      "indexed_documents": 0,
      "index_time": 0.0
    }
  },
  "TF-IDF": {
    "aggregated": {
      "avg_precision@1": 0.2,
      "std_precision@1": 0.4,
      "avg_recall@1": 0.06666666666666667,
      "std_recall@1": 0.13333333333333333,
      "avg_f1@1": 0.1,
      "std_f1@1": 0.2,
      "avg_ndcg@1": 0.2,
      "std_ndcg@1": 0.4,
      "avg_precision@5": 0.12000000000000002,
      "std_precision@5": 0.09797958971132713,
      "avg_recall@5": 0.2,
      "std_recall@5": 0.1632993161855452,
      "avg_f1@5": 0.15,
      "std_f1@5": 0.12247448713915891,
      "avg_ndcg@5": 0.20163787242924633,
      "std_ndcg@5": 0.21108381632071127,
      "avg_precision@10": 0.06000000000000001,
      "std_precision@10": 0.048989794855663564,
      "avg_recall@10": 0.2,
      "std_recall@10": 0.1632993161855452,
      "avg_f1@10": 0.09230769230769229,
      "std_f1@10": 0.07536891516255932,
      "avg_ndcg@10": 0.20163787242924633,
      "std_ndcg@10": 0.21108381632071127,
      "avg_average_precision": 0.11666666666666667,
      "std_average_precision": 0.12472191289246472,
      "avg_reciprocal_rank": 0.35,
      "std_reciprocal_rank": 0.3741657386773941,
      "MAP": 0.11666666666666665,
      "MRR": 0.35,
      "avg_query_time": 0.0011082172393798828,
      "std_query_time": 0.00013630867037756119,
      "median_query_time": 0.0009987354278564453
    },
    "detailed": [
      {
        "precision@1": 0.0,
        "recall@1": 0.0,
        "f1@1": 0.0,
        "ndcg@1": 0.0,
        "precision@5": 0.2,
        "recall@5": 0.3333333333333333,
        "f1@5": 0.25,
        "ndcg@5": 0.34192741420282435,
        "precision@10": 0.1,
        "recall@10": 0.3333333333333333,
        "f1@10": 0.15384615384615383,
        "ndcg@10": 0.34192741420282435,
        "average_precision": 0.16666666666666666,
        "reciprocal_rank": 0.5,
        "query": "\u0413\u043b\u043e\u043a\u0430\u043b\u0438\u0437\u0430\u0446\u0438\u044f \u0438 \u043b\u043e\u043a\u0430\u043b\u044c\u043d\u0430\u044f \u0430\u0434\u0430\u043f\u0442\u0430\u0446\u0438\u044f \u0433\u043b\u043e\u0431\u0430\u043b\u044c\u043d\u044b\u0445 \u0431\u0440\u0435\u043d\u0434\u043e\u0432",
        "query_time": 0.0012905597686767578
      },
      {
        "precision@1": 0.0,
        "recall@1": 0.0,
        "f1@1": 0.0,
        "ndcg@1": 0.0,
        "precision@5": 0.0,
        "recall@5": 0.0,
        "f1@5": 0.0,
        "ndcg@5": 0.0,
        "precision@10": 0.0,
        "recall@10": 0.0,
        "f1@10": 0.0,
        "ndcg@10": 0.0,
        "average_precision": 0.0,